{
  "classifications": [
    {
      "id": "FIELDAGENT-ENTERPRISE",
      "name": "FIELDAGENT ENTERPRISE",
      "description": "Description for Field Agent Enterprise",
      "ccomClass": "ENTERPRISE_TYPE",
      "parent": null
    },
    {
      "id": "FIELDAGENT-SITE",
      "name": "FIELDAGENT SITE",
      "description": "Description for Field Agent Site",
      "ccomClass": "SITE_TYPE",
      "parent": null
    },
    {
      "id": "FIELDAGENT-AREA",
      "name": "FIELDAGENT AREA",
      "description": "Description for Field Agent Area",
      "ccomClass": "SEGMENT_TYPE",
      "parent": null
    },
    {
      "id": "FIELDAGENT-PROCESSCELL",
      "name": "FIELDAGENT PROCESSCELL",
      "description": "Description for Field Agent Process Cell",
      "ccomClass": "SEGMENT_TYPE",
      "parent": null
    },
    {
      "id": "FIELDAGENT-ASSET",
      "name": "FIELDAGENT ASSET",
      "description": "Description for Field Agent Asset",
      "ccomClass": "ASSET_TYPE",
      "parent": null
    }
  ],
  "tagClassifications": [
    {
      "id": "HISTORIAN-TAG",
      "name": "HISTORIAN-TAG",
      "description": "This is historian tag",
      "unitGroup": "historiantag",
      "properties": []
    }
  ],
  "instances": [
    {
      "id": "APM_HACK_ENTERPRISE",
      "name": "APM_HACK_ENTERPRISE",
      "description": null,
      "classification": "FIELDAGENT-ENTERPRISE",
      "ccomClass": "ENTERPRISE",
      "properties": []
    },
    {
      "id": "APM_HACK_ENTERPRISE-PFA-SITE",
      "name": "PFA-SITE",
      "description": null,
      "classification": "FIELDAGENT-SITE",
      "ccomClass": "SITE",
      "properties": []
    },
    {
      "id": "APM_HACK_ENTERPRISE-PFA-SITE-NEVADA",
      "name": "NEVADA",
      "description": null,
      "classification": "FIELDAGENT-AREA",
      "ccomClass": "SEGMENT",
      "properties": []
    },
    {
      "id": "APM_HACK_ENTERPRISE-PFA-SITE-NEVADA-LASVEGAS",
      "name": "LASVEGAS",
      "description": null,
      "classification": "FIELDAGENT-PROCESSCELL",
      "ccomClass": "SEGMENT",
      "properties": []
    },
    {
      "id": "APMHACK_EDISON_UNIT",
      "name": "APMHACK_EDISON_UNIT",
      "description": null,
      "classification": "FIELDAGENT-ASSET",
      "ccomClass": "ASSET",
      "properties": [
        {
          "id": "Latitude",
          "value": [
            "150.0"
          ],
          "type": "string"
        },
        {
          "id": "Longitude",
          "value": [
            "160.5"
          ],
          "type": "string"
        },
        {
          "id": "DeviceId",
          "value": [
            "pfa-integ"
          ],
          "type": "String"
        }
      ]
    }
  ],
  "connections": [
    {
      "from": {
        "id": "APM_HACK_ENTERPRISE-PFA-SITE",
        "ccomClass": "SITE"
      },
      "to": [
        {
          "type": "parent",
          "id": "APM_HACK_ENTERPRISE",
          "ccomClass": "ENTERPRISE"
        }
      ]
    },
    {
      "from": {
        "id": "APM_HACK_ENTERPRISE-PFA-SITE-NEVADA",
        "ccomClass": "SEGMENT"
      },
      "to": [
        {
          "type": "parent",
          "id": "APM_HACK_ENTERPRISE-PFA-SITE",
          "ccomClass": "SITE"
        }
      ]
    },
    {
      "from": {
        "id": "APM_HACK_ENTERPRISE-PFA-SITE-NEVADA-LASVEGAS",
        "ccomClass": "SEGMENT"
      },
      "to": [
        {
          "type": "parent",
          "id": "APM_HACK_ENTERPRISE-PFA-SITE-NEVADA",
          "ccomClass": "SEGMENT"
        }
      ]
    },
    {
      "from": {
        "id": "APMHACK_EDISON_UNIT",
        "ccomClass": "ASSET"
      },
      "to": [
        {
          "type": "parent",
          "id": "APM_HACK_ENTERPRISE-PFA-SITE-NEVADA-LASVEGAS",
          "ccomClass": "SEGMENT"
        }
      ]
    }
  ],
  "tagAssociations": [
    {
      "monitoredEntity": {
        "id": "APMHACK_EDISON_UNIT",
        "ccomClass": "ASSET"
      },
      "tags": [
        {
          "id": "TemperatureTAE",
          "name": "TemperatureTAE",
          "classification": "HISTORIAN-TAG",
          "unit": "SingleFloat",
          "properties": []
        },
        {
          "id": "LightTAE",
          "name": "LightTAE",
          "classification": "HISTORIAN-TAG",
          "unit": "SingleFloat",
          "properties": []
        },
        {
          "id": "RotaryAngleTAE",
          "name": "RotaryAngleTAE",
          "classification": "HISTORIAN-TAG",
          "unit": "SingleFloat",
          "properties": []
        },
        {
          "id": "ButtonTAE",
          "name": "ButtonTAE",
          "classification": "HISTORIAN-TAG",
          "unit": "SingleFloat",
          "properties": []
        }
      ]
    }
  ]
}